,Date,coding,study,exercise,lectures,instagram,youtube,reddit,junkfood
0,2023-07-01,162,30,12,180,69,27,19,0
1,2023-07-02,12,108,6,120,6,21,18,1
2,2023-07-03,96,90,66,120,84,12,11,0
3,2023-07-04,114,60,45,120,9,45,2,1
4,2023-07-05,36,108,39,240,93,27,7,1
5,2023-07-06,102,12,72,180,9,48,7,0
6,2023-07-07,162,36,72,180,117,0,3,0
7,2023-07-08,132,6,30,240,102,12,13,1
8,2023-07-09,126,30,75,120,51,54,20,1
9,2023-07-10,12,6,9,180,57,36,18,0
10,2023-07-11,120,90,33,120,114,39,5,1
11,2023-07-12,174,54,9,180,93,0,7,0
12,2023-07-13,180,0,54,240,36,42,3,0
13,2023-07-14,84,60,39,240,66,33,3,1
14,2023-07-15,144,0,27,120,105,18,5,1
15,2023-07-16,42,120,48,240,45,6,9,1
16,2023-07-17,96,30,81,180,114,42,9,1
17,2023-07-18,150,66,78,240,93,18,5,1
18,2023-07-19,72,48,30,120,57,27,17,1
19,2023-07-20,108,12,78,180,48,24,1,1
20,2023-07-21,120,36,63,120,99,27,4,1
21,2023-07-22,78,108,84,180,93,3,14,0
22,2023-07-23,90,0,75,120,87,6,14,1
23,2023-07-24,144,114,42,120,120,57,4,0
24,2023-07-25,162,12,90,240,6,0,8,0
25,2023-07-26,0,6,36,120,6,30,6,1
26,2023-07-27,108,60,15,180,30,57,3,1
27,2023-07-28,78,6,69,120,66,42,1,0
28,2023-07-29,108,54,90,120,102,33,4,1
29,2023-07-30,138,60,84,120,63,51,16,0
30,2023-07-31,132,102,60,240,117,33,3,1
31,2023-08-01,60,54,81,180,99,36,16,1
32,2023-08-02,162,30,36,120,48,3,13,1
33,2023-08-03,108,108,24,180,60,3,14,0
34,2023-08-04,48,24,63,120,60,9,16,0
35,2023-08-05,48,6,69,120,102,51,1,1
36,2023-08-06,42,48,84,120,87,36,1,1
37,2023-08-07,24,18,72,240,69,57,12,1
38,2023-08-08,30,102,66,120,120,21,19,0
39,2023-08-09,18,24,3,180,120,12,11,0
40,2023-08-10,12,120,66,180,120,39,19,1
41,2023-08-11,78,60,81,240,3,60,17,1
42,2023-08-12,42,90,69,180,42,54,13,1
43,2023-08-13,102,18,39,120,81,39,13,0
44,2023-08-14,24,102,12,180,69,54,14,1
45,2023-08-15,0,114,54,120,114,12,1,1
46,2023-08-16,6,102,63,240,69,57,11,0
47,2023-08-17,78,72,87,240,75,42,19,0
48,2023-08-18,102,54,84,240,60,57,6,1
49,2023-08-19,42,84,63,240,87,57,19,1
50,2023-08-20,102,72,30,120,102,33,6,0
51,2023-08-21,114,48,36,120,15,33,11,0
52,2023-08-22,162,90,21,180,51,15,19,0
53,2023-08-23,78,108,0,120,69,0,15,1
54,2023-08-24,30,96,9,180,63,27,13,0
55,2023-08-25,102,24,69,240,3,45,13,1
