,Date,Month,coding,study,exercise,lectures,instagram,youtube,reddit,junkfood,productivity,social media
0,2023-07-01,July,120,108,66,180,93,12,7,1,228,112
1,2023-07-02,July,60,78,45,240,24,27,16,1,138,67
2,2023-07-03,July,60,90,15,120,93,9,0,1,150,102
3,2023-07-04,July,174,114,6,180,63,36,10,1,288,109
4,2023-07-05,July,84,108,54,240,102,36,4,0,192,142
5,2023-07-06,July,150,30,69,180,81,0,12,1,180,93
6,2023-07-07,July,42,30,18,120,75,45,1,0,72,121
7,2023-07-08,July,42,30,18,120,78,6,4,1,72,88
8,2023-07-09,July,18,108,81,120,66,18,8,1,126,92
9,2023-07-10,July,162,60,24,120,72,21,10,1,222,103
10,2023-07-11,July,36,24,60,180,81,42,1,0,60,124
11,2023-07-12,July,132,18,78,240,12,24,17,0,150,53
12,2023-07-13,July,84,48,24,120,6,24,1,1,132,31
13,2023-07-14,July,96,102,12,120,15,36,7,0,198,58
14,2023-07-15,July,126,84,30,120,6,6,2,1,210,14
15,2023-07-16,July,150,42,15,120,120,30,12,0,192,162
16,2023-07-17,July,72,18,27,180,87,42,10,0,90,139
17,2023-07-18,July,60,36,66,180,21,0,19,1,96,40
18,2023-07-19,July,120,24,51,180,90,6,4,0,144,100
19,2023-07-20,July,84,48,66,180,93,54,20,0,132,167
20,2023-07-21,July,48,66,54,240,117,33,4,0,114,154
21,2023-07-22,July,54,24,30,120,33,0,2,0,78,35
22,2023-07-23,July,168,0,39,120,15,42,10,1,168,67
23,2023-07-24,July,108,72,42,120,75,51,16,0,180,142
24,2023-07-25,July,126,42,24,180,0,60,4,0,168,64
25,2023-07-26,July,36,78,27,240,9,33,18,1,114,60
26,2023-07-27,July,18,60,3,240,51,3,18,0,78,72
27,2023-07-28,July,138,72,30,180,9,33,11,0,210,53
28,2023-07-29,July,6,108,18,180,54,42,12,0,114,108
29,2023-07-30,July,174,54,45,180,99,48,3,0,228,150
30,2023-07-31,July,42,36,6,180,105,15,4,1,78,124
31,2023-08-01,August,60,30,27,240,27,57,2,0,90,86
32,2023-08-02,August,144,42,60,120,9,45,5,0,186,59
33,2023-08-03,August,114,18,57,240,99,45,12,0,132,156
34,2023-08-04,August,144,60,78,240,93,0,4,1,204,97
35,2023-08-05,August,66,66,42,240,108,57,3,1,132,168
36,2023-08-06,August,78,102,30,120,111,54,4,1,180,169
37,2023-08-07,August,132,84,27,120,6,18,3,0,216,27
38,2023-08-08,August,108,96,60,240,93,60,6,0,204,159
39,2023-08-09,August,18,72,75,180,27,42,10,1,90,79
40,2023-08-10,August,36,72,63,240,18,6,18,0,108,42
41,2023-08-11,August,60,12,45,180,3,45,13,1,72,61
42,2023-08-12,August,6,30,84,240,15,36,7,0,36,58
43,2023-08-13,August,36,18,69,120,48,0,14,1,54,62
44,2023-08-14,August,78,30,84,120,117,15,19,1,108,151
45,2023-08-15,August,90,18,15,240,45,27,14,1,108,86
46,2023-08-16,August,156,108,39,240,57,6,9,1,264,72
47,2023-08-17,August,42,12,72,180,93,6,9,1,54,108
48,2023-08-18,August,48,36,30,120,93,12,7,1,84,112
49,2023-08-19,August,102,6,30,240,39,6,9,1,108,54
50,2023-08-20,August,168,48,42,180,3,24,4,1,216,31
51,2023-08-21,August,30,66,42,180,9,36,0,1,96,45
52,2023-08-22,August,72,108,48,240,45,39,8,0,180,92
53,2023-08-23,August,78,114,87,240,48,9,15,1,192,72
54,2023-08-24,August,66,114,3,240,57,30,13,0,180,100
55,2023-08-25,August,84,96,9,120,75,30,6,1,180,111
