Date,coding,study,exercise,lectures,instagram,youtube,reddit,junkfood,call to parents
2023-07-01,66,105,30,240,105,21,0,1,0
2023-07-02,102,90,30,240,90,42,7,0,1
2023-07-03,96,75,0,240,21,36,14,0,0
2023-07-04,42,30,120,180,15,54,1,0,1
2023-07-05,126,105,90,180,99,33,3,1,0
2023-07-06,42,75,30,180,117,9,5,1,0
2023-07-07,12,60,120,120,30,27,11,0,1
2023-07-08,108,120,120,240,111,36,12,1,1
2023-07-09,138,45,30,240,102,33,15,1,1
2023-07-10,114,45,90,120,114,18,19,1,1
2023-07-11,66,30,120,180,12,57,3,0,1
2023-07-12,150,105,60,240,30,45,20,1,0
2023-07-13,162,120,30,120,75,39,18,1,1
2023-07-14,12,60,120,240,60,33,10,0,1
2023-07-15,0,105,60,120,15,12,3,1,1
2023-07-16,138,30,0,180,18,42,16,0,0
2023-07-17,120,45,0,240,114,24,15,1,0
2023-07-18,120,30,0,240,45,30,0,1,0
2023-07-19,144,120,30,240,42,48,6,1,1
2023-07-20,48,105,0,180,9,18,16,1,0
2023-07-21,138,60,120,120,99,27,18,0,0
2023-07-22,12,90,0,180,3,33,0,1,0
2023-07-23,24,90,0,240,48,54,10,1,0
2023-07-24,60,120,30,240,15,60,18,0,1
2023-07-25,6,30,0,120,9,39,14,1,0
2023-07-26,42,105,0,240,3,15,12,1,1
2023-07-27,84,90,30,180,99,27,12,1,1
2023-07-28,144,45,0,240,93,36,8,1,0
2023-07-29,180,105,120,180,81,27,16,1,1
2023-07-30,12,105,60,240,42,36,1,1,0
2023-07-31,66,105,0,180,15,51,12,0,0
2023-08-01,42,30,120,120,117,30,20,0,0
2023-08-02,24,30,0,120,39,36,11,0,0
2023-08-03,54,120,120,120,0,57,9,1,1
2023-08-04,18,45,90,240,3,57,5,0,0
2023-08-05,102,90,120,240,3,27,1,1,1
2023-08-06,132,75,0,120,108,12,15,0,1
2023-08-07,132,105,0,120,6,12,17,0,0
2023-08-08,54,60,0,240,84,30,20,1,0
2023-08-09,108,30,30,240,12,12,15,1,0
2023-08-10,120,60,0,240,54,42,17,0,1
2023-08-11,168,90,90,240,72,3,4,1,1
2023-08-12,30,30,90,180,81,6,4,0,0
2023-08-13,120,90,0,120,99,54,10,1,1
2023-08-14,42,60,90,240,21,6,0,0,0
2023-08-15,48,75,90,180,111,12,12,1,0
2023-08-16,90,90,30,120,30,0,16,1,0
2023-08-17,84,60,30,180,30,9,18,0,1
2023-08-18,66,60,60,240,45,57,1,0,1
2023-08-19,138,30,60,240,69,54,9,1,1
2023-08-20,18,30,0,240,75,39,4,0,0
2023-08-21,174,120,30,240,24,24,11,0,0
2023-08-22,54,45,0,120,114,30,17,0,1
2023-08-23,12,30,60,240,66,24,8,0,1
2023-08-24,126,75,90,180,33,54,8,0,0
2023-08-25,90,75,60,120,3,57,4,1,0
2023-08-26,54,90,60,180,30,33,9,0,0
2023-08-27,78,120,60,120,102,60,19,0,1
2023-08-28,78,105,60,120,99,12,1,0,0
2023-08-29,6,120,0,180,93,51,11,1,0
2023-08-30,54,60,90,120,48,48,5,1,0
